Date,Asset,Buy Date, Sell Date,Buy Price,Sell Price,Profit,Profit %,,
Apr/16/2018 12:30:21 AM,XRPBTC,Apr/15/2018 11:46:57 PM,Apr/16/2018 12:30:21 AM,0.00001074,0.00008220,0.00007146,665.3631285,,
Apr/16/2018 3:15:13 AM,IOTABTC,Apr/16/2018 3:15:13 AM,Apr/16/2018 12:30:21 AM,0.00019724,0.00008220,-0.00011504,665.3631285,,
Apr/16/2018 3:15:14 AM,XLMBTC,Apr/16/2018 3:15:14 AM,Apr/16/2018 12:30:21 AM,0.00003567,0.00008220,0.00004653,665.3631285,,
Apr/16/2018 4:15:00 AM,XRPBTC,Apr/16/2018 4:15:00 AM,Apr/16/2018 12:30:21 AM,0.00008184,0.00008220,0.00000036,665.3631285,,
Apr/16/2018 4:15:00 AM,XRPBTC,Apr/16/2018 4:15:00 AM,Apr/16/2018 12:30:21 AM,0.00008184,0.00008220,0.00000036,665.3631285,,
Apr/16/2018 4:15:02 AM,XLMBTC,Apr/16/2018 4:15:00 AM,Apr/16/2018 4:15:02 AM,0.00008184,0.00003538,-0.00004646,-56.76930596,,
Apr/16/2018 4:15:03 AM,ADABTC,Apr/16/2018 4:15:03 AM,Apr/16/2018 4:15:02 AM,0.00002934,0.00003538,0.00000604,-56.76930596,,
Apr/16/2018 5:15:04 AM,XVGBTC,Apr/16/2018 5:15:04 AM,Apr/16/2018 4:15:02 AM,0.00001039,0.00003538,0.00002499,-56.76930596,,
Apr/16/2018 5:15:09 AM,ADABTC,Apr/16/2018 5:15:04 AM,Apr/16/2018 5:15:09 AM,0.00001039,0.00002923,0.00001884,181.3282002,,
Apr/16/2018 5:15:19 AM,XVGBTC,Apr/16/2018 5:15:19 AM,Apr/16/2018 5:15:09 AM,0.00001040,0.00002923,0.00001883,181.3282002,,
Apr/16/2018 5:18:27 AM,IOTABTC,Apr/16/2018 5:15:19 AM,Apr/16/2018 5:18:27 AM,0.00001040,0.00019771,0.00018731,1801.057692,,
Apr/16/2018 5:18:53 AM,IOTABTC,Apr/16/2018 5:18:53 AM,Apr/16/2018 5:18:27 AM,0.00019798,0.00019771,-0.00000027,1801.057692,,
Apr/16/2018 5:18:54 AM,IOTABTC,Apr/16/2018 5:18:54 AM,Apr/16/2018 5:18:27 AM,0.00019797,0.00019771,-0.00000026,1801.057692,,
Apr/16/2018 5:19:18 AM,IOTABTC,Apr/16/2018 5:18:54 AM,Apr/16/2018 5:19:18 AM,0.00019797,0.00019780,-0.00000017,-0.085871597,,
Apr/16/2018 5:19:20 AM,IOTABTC,Apr/16/2018 5:18:54 AM,Apr/16/2018 5:19:20 AM,0.00019797,0.00019780,-0.00000017,-0.085871597,,
Apr/16/2018 5:19:44 AM,IOTABTC,Apr/16/2018 5:19:44 AM,Apr/16/2018 5:19:20 AM,0.00019843,0.00019780,-0.00000063,-0.085871597,,
Apr/16/2018 5:19:45 AM,IOTABTC,Apr/16/2018 5:19:45 AM,Apr/16/2018 5:19:20 AM,0.00019843,0.00019780,-0.00000063,-0.085871597,,
Apr/16/2018 5:19:46 AM,IOTABTC,Apr/16/2018 5:19:46 AM,Apr/16/2018 5:19:20 AM,0.00019843,0.00019780,-0.00000063,-0.085871597,,
Apr/16/2018 5:19:51 AM,IOTABTC,Apr/16/2018 5:19:51 AM,Apr/16/2018 5:19:20 AM,0.00019803,0.00019780,-0.00000023,-0.085871597,,
Apr/16/2018 5:20:16 AM,IOTABTC,Apr/16/2018 5:19:51 AM,Apr/16/2018 5:20:16 AM,0.00019803,0.00019761,-0.00000042,-0.212089077,,
Apr/16/2018 5:20:36 AM,IOTABTC,Apr/16/2018 5:19:51 AM,Apr/16/2018 5:20:36 AM,0.00019803,0.00019774,-0.00000029,-0.146442458,,
Apr/16/2018 5:20:36 AM,IOTABTC,Apr/16/2018 5:19:51 AM,Apr/16/2018 5:20:36 AM,0.00019803,0.00019774,-0.00000029,-0.146442458,,
Apr/16/2018 5:20:37 AM,IOTABTC,Apr/16/2018 5:19:51 AM,Apr/16/2018 5:20:37 AM,0.00019803,0.00019774,-0.00000029,-0.146442458,,
Apr/16/2018 5:27:24 AM,IOTABTC,Apr/16/2018 5:27:24 AM,Apr/16/2018 5:20:37 AM,0.00019803,0.00019774,-0.00000029,-0.146442458,,
Apr/16/2018 5:27:25 AM,IOTABTC,Apr/16/2018 5:27:25 AM,Apr/16/2018 5:20:37 AM,0.00019803,0.00019774,-0.00000029,-0.146442458,,
Apr/16/2018 5:27:26 AM,IOTABTC,Apr/16/2018 5:27:26 AM,Apr/16/2018 5:20:37 AM,0.00019803,0.00019774,-0.00000029,-0.146442458,,
Apr/16/2018 5:27:26 AM,IOTABTC,Apr/16/2018 5:27:26 AM,Apr/16/2018 5:20:37 AM,0.00019803,0.00019774,-0.00000029,-0.146442458,,
Apr/16/2018 5:27:30 AM,IOTABTC,Apr/16/2018 5:27:30 AM,Apr/16/2018 5:20:37 AM,0.00019803,0.00019774,-0.00000029,-0.146442458,,
Apr/16/2018 5:27:33 AM,IOTABTC,Apr/16/2018 5:27:33 AM,Apr/16/2018 5:20:37 AM,0.00019803,0.00019774,-0.00000029,-0.146442458,,
Apr/16/2018 5:27:33 AM,IOTABTC,Apr/16/2018 5:27:33 AM,Apr/16/2018 5:20:37 AM,0.00019803,0.00019774,-0.00000029,-0.146442458,,
Apr/16/2018 5:27:49 AM,IOTABTC,Apr/16/2018 5:27:33 AM,Apr/16/2018 5:27:49 AM,0.00019803,0.00019760,-0.00000043,-0.217138817,,
Apr/16/2018 5:27:50 AM,IOTABTC,Apr/16/2018 5:27:50 AM,Apr/16/2018 5:27:49 AM,0.00019803,0.00019760,-0.00000043,-0.217138817,,
Apr/16/2018 5:27:52 AM,IOTABTC,Apr/16/2018 5:27:50 AM,Apr/16/2018 5:27:52 AM,0.00019803,0.00019762,-0.00000041,-0.207039337,,
Apr/16/2018 5:27:56 AM,IOTABTC,Apr/16/2018 5:27:50 AM,Apr/16/2018 5:27:56 AM,0.00019803,0.00019762,-0.00000041,-0.207039337,,
Apr/16/2018 5:27:58 AM,IOTABTC,Apr/16/2018 5:27:50 AM,Apr/16/2018 5:27:58 AM,0.00019803,0.00019762,-0.00000041,-0.207039337,,
Apr/16/2018 5:27:58 AM,IOTABTC,Apr/16/2018 5:27:50 AM,Apr/16/2018 5:27:58 AM,0.00019803,0.00019762,-0.00000041,-0.207039337,,
Apr/16/2018 5:28:16 AM,IOTABTC,Apr/16/2018 5:27:50 AM,Apr/16/2018 5:28:16 AM,0.00019803,0.00019762,-0.00000041,-0.207039337,,
Apr/16/2018 5:28:16 AM,IOTABTC,Apr/16/2018 5:27:50 AM,Apr/16/2018 5:28:16 AM,0.00019803,0.00019762,-0.00000041,-0.207039337,,
Apr/16/2018 5:28:17 AM,IOTABTC,Apr/16/2018 5:27:50 AM,Apr/16/2018 5:28:17 AM,0.00019803,0.00019762,-0.00000041,-0.207039337,,
Apr/16/2018 5:29:58 AM,IOTABTC,Apr/16/2018 5:29:58 AM,Apr/16/2018 5:28:17 AM,0.00019800,0.00019762,-0.00000038,-0.207039337,,
Apr/16/2018 5:29:59 AM,IOTABTC,Apr/16/2018 5:29:59 AM,Apr/16/2018 5:28:17 AM,0.00019800,0.00019762,-0.00000038,-0.207039337,,
Apr/16/2018 5:29:59 AM,IOTABTC,Apr/16/2018 5:29:59 AM,Apr/16/2018 5:28:17 AM,0.00019800,0.00019762,-0.00000038,-0.207039337,,
Apr/16/2018 5:29:59 AM,IOTABTC,Apr/16/2018 5:29:59 AM,Apr/16/2018 5:28:17 AM,0.00019800,0.00019762,-0.00000038,-0.207039337,,
Apr/16/2018 5:30:23 AM,IOTABTC,Apr/16/2018 5:29:59 AM,Apr/16/2018 5:30:23 AM,0.00019800,0.00019773,-0.00000027,-0.136363636,,
Apr/16/2018 5:30:24 AM,IOTABTC,Apr/16/2018 5:29:59 AM,Apr/16/2018 5:30:24 AM,0.00019800,0.00019773,-0.00000027,-0.136363636,,
Apr/16/2018 5:30:25 AM,IOTABTC,Apr/16/2018 5:29:59 AM,Apr/16/2018 5:30:25 AM,0.00019800,0.00019773,-0.00000027,-0.136363636,,
Apr/16/2018 5:30:26 AM,IOTABTC,Apr/16/2018 5:29:59 AM,Apr/16/2018 5:30:26 AM,0.00019800,0.00019773,-0.00000027,-0.136363636,,
Apr/16/2018 5:30:48 AM,IOTABTC,Apr/16/2018 5:30:48 AM,Apr/16/2018 5:30:26 AM,0.00019796,0.00019773,-0.00000023,-0.136363636,,
Apr/16/2018 5:30:49 AM,IOTABTC,Apr/16/2018 5:30:49 AM,Apr/16/2018 5:30:26 AM,0.00019796,0.00019773,-0.00000023,-0.136363636,,
Apr/16/2018 5:30:49 AM,IOTABTC,Apr/16/2018 5:30:49 AM,Apr/16/2018 5:30:26 AM,0.00019796,0.00019773,-0.00000023,-0.136363636,,
Apr/16/2018 5:30:50 AM,IOTABTC,Apr/16/2018 5:30:50 AM,Apr/16/2018 5:30:26 AM,0.00019796,0.00019773,-0.00000023,-0.136363636,,
Apr/16/2018 5:30:50 AM,IOTABTC,Apr/16/2018 5:30:50 AM,Apr/16/2018 5:30:26 AM,0.00019796,0.00019773,-0.00000023,-0.136363636,,
Apr/16/2018 5:30:50 AM,IOTABTC,Apr/16/2018 5:30:50 AM,Apr/16/2018 5:30:26 AM,0.00019796,0.00019773,-0.00000023,-0.136363636,,
Apr/16/2018 5:30:51 AM,IOTABTC,Apr/16/2018 5:30:51 AM,Apr/16/2018 5:30:26 AM,0.00019796,0.00019773,-0.00000023,-0.136363636,,
Apr/16/2018 5:31:13 AM,IOTABTC,Apr/16/2018 5:30:51 AM,Apr/16/2018 5:31:13 AM,0.00019796,0.00019775,-0.00000021,-0.106082037,,
Apr/16/2018 5:31:15 AM,IOTABTC,Apr/16/2018 5:31:15 AM,Apr/16/2018 5:31:13 AM,0.00019795,0.00019775,-0.00000020,-0.106082037,,
Apr/16/2018 5:31:20 AM,IOTABTC,Apr/16/2018 5:31:20 AM,Apr/16/2018 5:31:13 AM,0.00019795,0.00019775,-0.00000020,-0.106082037,,
Apr/16/2018 5:31:21 AM,IOTABTC,Apr/16/2018 5:31:21 AM,Apr/16/2018 5:31:13 AM,0.00019795,0.00019775,-0.00000020,-0.106082037,,
Apr/16/2018 5:31:22 AM,IOTABTC,Apr/16/2018 5:31:22 AM,Apr/16/2018 5:31:13 AM,0.00019795,0.00019775,-0.00000020,-0.106082037,,
Apr/16/2018 5:31:22 AM,IOTABTC,Apr/16/2018 5:31:22 AM,Apr/16/2018 5:31:13 AM,0.00019795,0.00019775,-0.00000020,-0.106082037,,
Apr/16/2018 5:31:23 AM,IOTABTC,Apr/16/2018 5:31:23 AM,Apr/16/2018 5:31:13 AM,0.00019795,0.00019775,-0.00000020,-0.106082037,,
Apr/16/2018 5:31:24 AM,IOTABTC,Apr/16/2018 5:31:24 AM,Apr/16/2018 5:31:13 AM,0.00019795,0.00019775,-0.00000020,-0.106082037,,
Apr/16/2018 5:31:26 AM,IOTABTC,Apr/16/2018 5:31:26 AM,Apr/16/2018 5:31:13 AM,0.00019795,0.00019775,-0.00000020,-0.106082037,,
Apr/16/2018 5:31:39 AM,IOTABTC,Apr/16/2018 5:31:39 AM,Apr/16/2018 5:31:13 AM,0.00019802,0.00019775,-0.00000027,-0.106082037,,
Apr/16/2018 5:31:40 AM,IOTABTC,Apr/16/2018 5:31:39 AM,Apr/16/2018 5:31:40 AM,0.00019802,0.00019776,-0.00000026,-0.131299869,,
Apr/16/2018 5:31:40 AM,IOTABTC,Apr/16/2018 5:31:39 AM,Apr/16/2018 5:31:40 AM,0.00019802,0.00019776,-0.00000026,-0.131299869,,
Apr/16/2018 5:31:41 AM,IOTABTC,Apr/16/2018 5:31:41 AM,Apr/16/2018 5:31:40 AM,0.00019803,0.00019776,-0.00000027,-0.131299869,,
Apr/16/2018 5:31:47 AM,IOTABTC,Apr/16/2018 5:31:47 AM,Apr/16/2018 5:31:40 AM,0.00019803,0.00019776,-0.00000027,-0.131299869,,
Apr/16/2018 5:32:05 AM,IOTABTC,Apr/16/2018 5:32:05 AM,Apr/16/2018 5:31:40 AM,0.00019803,0.00019776,-0.00000027,-0.131299869,,
Apr/16/2018 5:32:05 AM,IOTABTC,Apr/16/2018 5:32:05 AM,Apr/16/2018 5:31:40 AM,0.00019803,0.00019776,-0.00000027,-0.131299869,,
Apr/16/2018 5:35:29 AM,IOTABTC,Apr/16/2018 5:32:05 AM,Apr/16/2018 5:35:29 AM,0.00019803,0.00019779,-0.00000024,-0.121193759,,
Apr/16/2018 5:35:29 AM,IOTABTC,Apr/16/2018 5:32:05 AM,Apr/16/2018 5:35:29 AM,0.00019803,0.00019779,-0.00000024,-0.121193759,,
Apr/16/2018 5:35:30 AM,IOTABTC,Apr/16/2018 5:35:30 AM,Apr/16/2018 5:35:29 AM,0.00019800,0.00019779,-0.00000021,-0.121193759,,
Apr/16/2018 5:35:36 AM,IOTABTC,Apr/16/2018 5:35:36 AM,Apr/16/2018 5:35:29 AM,0.00019799,0.00019779,-0.00000020,-0.121193759,,
Apr/16/2018 5:35:56 AM,IOTABTC,Apr/16/2018 5:35:36 AM,Apr/16/2018 5:35:56 AM,0.00019799,0.00019779,-0.00000020,-0.101015203,,
Apr/16/2018 5:35:56 AM,IOTABTC,Apr/16/2018 5:35:36 AM,Apr/16/2018 5:35:56 AM,0.00019799,0.00019779,-0.00000020,-0.101015203,,
Apr/16/2018 5:35:56 AM,IOTABTC,Apr/16/2018 5:35:36 AM,Apr/16/2018 5:35:56 AM,0.00019799,0.00019779,-0.00000020,-0.101015203,,
Apr/16/2018 5:35:57 AM,IOTABTC,Apr/16/2018 5:35:57 AM,Apr/16/2018 5:35:56 AM,0.00019799,0.00019779,-0.00000020,-0.101015203,,
Apr/16/2018 5:36:01 AM,IOTABTC,Apr/16/2018 5:35:57 AM,Apr/16/2018 5:36:01 AM,0.00019799,0.00019781,-0.00000018,-0.090913683,,
Apr/16/2018 5:36:03 AM,IOTABTC,Apr/16/2018 5:35:57 AM,Apr/16/2018 5:36:03 AM,0.00019799,0.00019781,-0.00000018,-0.090913683,,
Apr/16/2018 5:36:03 AM,IOTABTC,Apr/16/2018 5:35:57 AM,Apr/16/2018 5:36:03 AM,0.00019799,0.00019781,-0.00000018,-0.090913683,,
Apr/16/2018 5:36:04 AM,IOTABTC,Apr/16/2018 5:35:57 AM,Apr/16/2018 5:36:04 AM,0.00019799,0.00019781,-0.00000018,-0.090913683,,
Apr/16/2018 5:36:06 AM,IOTABTC,Apr/16/2018 5:35:57 AM,Apr/16/2018 5:36:06 AM,0.00019799,0.00019781,-0.00000018,-0.090913683,,
Apr/16/2018 5:36:07 AM,IOTABTC,Apr/16/2018 5:35:57 AM,Apr/16/2018 5:36:07 AM,0.00019799,0.00019781,-0.00000018,-0.090913683,,
Apr/16/2018 5:36:22 AM,IOTABTC,Apr/16/2018 5:35:57 AM,Apr/16/2018 5:36:22 AM,0.00019799,0.00019780,-0.00000019,-0.095964443,,
Apr/16/2018 5:36:23 AM,IOTABTC,Apr/16/2018 5:35:57 AM,Apr/16/2018 5:36:23 AM,0.00019799,0.00019780,-0.00000019,-0.095964443,,
Apr/16/2018 5:36:23 AM,IOTABTC,Apr/16/2018 5:35:57 AM,Apr/16/2018 5:36:23 AM,0.00019799,0.00019780,-0.00000019,-0.095964443,,
Apr/16/2018 5:36:23 AM,IOTABTC,Apr/16/2018 5:35:57 AM,Apr/16/2018 5:36:23 AM,0.00019799,0.00019780,-0.00000019,-0.095964443,,
Apr/16/2018 5:36:23 AM,IOTABTC,Apr/16/2018 5:35:57 AM,Apr/16/2018 5:36:23 AM,0.00019799,0.00019780,-0.00000019,-0.095964443,,
Apr/16/2018 5:36:23 AM,IOTABTC,Apr/16/2018 5:35:57 AM,Apr/16/2018 5:36:23 AM,0.00019799,0.00019780,-0.00000019,-0.095964443,,
Apr/16/2018 5:36:27 AM,IOTABTC,Apr/16/2018 5:35:57 AM,Apr/16/2018 5:36:27 AM,0.00019799,0.00019780,-0.00000019,-0.095964443,,
Apr/16/2018 5:36:27 AM,IOTABTC,Apr/16/2018 5:35:57 AM,Apr/16/2018 5:36:27 AM,0.00019799,0.00019780,-0.00000019,-0.095964443,,
Apr/16/2018 5:36:28 AM,IOTABTC,Apr/16/2018 5:35:57 AM,Apr/16/2018 5:36:28 AM,0.00019799,0.00019780,-0.00000019,-0.095964443,,
Apr/16/2018 5:36:52 AM,IOTABTC,Apr/16/2018 5:36:52 AM,Apr/16/2018 5:36:28 AM,0.00019800,0.00019780,-0.00000020,-0.095964443,,
Apr/16/2018 5:36:53 AM,IOTABTC,Apr/16/2018 5:36:53 AM,Apr/16/2018 5:36:28 AM,0.00019800,0.00019780,-0.00000020,-0.095964443,,
Apr/16/2018 5:36:53 AM,IOTABTC,Apr/16/2018 5:36:53 AM,Apr/16/2018 5:36:28 AM,0.00019800,0.00019780,-0.00000020,-0.095964443,,
Apr/16/2018 5:36:53 AM,IOTABTC,Apr/16/2018 5:36:53 AM,Apr/16/2018 5:36:28 AM,0.00019800,0.00019780,-0.00000020,-0.095964443,,
Apr/16/2018 5:36:54 AM,IOTABTC,Apr/16/2018 5:36:54 AM,Apr/16/2018 5:36:28 AM,0.00019800,0.00019780,-0.00000020,-0.095964443,,
Apr/16/2018 5:36:54 AM,IOTABTC,Apr/16/2018 5:36:54 AM,Apr/16/2018 5:36:28 AM,0.00019800,0.00019780,-0.00000020,-0.095964443,,
Apr/16/2018 5:36:54 AM,IOTABTC,Apr/16/2018 5:36:54 AM,Apr/16/2018 5:36:28 AM,0.00019800,0.00019780,-0.00000020,-0.095964443,,
Apr/16/2018 5:36:55 AM,IOTABTC,Apr/16/2018 5:36:55 AM,Apr/16/2018 5:36:28 AM,0.00019800,0.00019780,-0.00000020,-0.095964443,,
Apr/16/2018 5:36:57 AM,IOTABTC,Apr/16/2018 5:36:57 AM,Apr/16/2018 5:36:28 AM,0.00019800,0.00019780,-0.00000020,-0.095964443,,
Apr/16/2018 5:36:57 AM,IOTABTC,Apr/16/2018 5:36:57 AM,Apr/16/2018 5:36:28 AM,0.00019800,0.00019780,-0.00000020,-0.095964443,,
Apr/16/2018 5:36:58 AM,IOTABTC,Apr/16/2018 5:36:58 AM,Apr/16/2018 5:36:28 AM,0.00019800,0.00019780,-0.00000020,-0.095964443,,
Apr/16/2018 5:37:00 AM,IOTABTC,Apr/16/2018 5:37:00 AM,Apr/16/2018 5:36:28 AM,0.00019798,0.00019780,-0.00000018,-0.095964443,,
Apr/16/2018 5:37:00 AM,IOTABTC,Apr/16/2018 5:37:00 AM,Apr/16/2018 5:36:28 AM,0.00019798,0.00019780,-0.00000018,-0.095964443,,
Apr/16/2018 5:37:11 AM,IOTABTC,Apr/16/2018 5:37:11 AM,Apr/16/2018 5:36:28 AM,0.00019798,0.00019780,-0.00000018,-0.095964443,,
Apr/16/2018 5:37:11 AM,IOTABTC,Apr/16/2018 5:37:11 AM,Apr/16/2018 5:36:28 AM,0.00019798,0.00019780,-0.00000018,-0.095964443,,
Apr/16/2018 5:37:12 AM,IOTABTC,Apr/16/2018 5:37:12 AM,Apr/16/2018 5:36:28 AM,0.00019798,0.00019780,-0.00000018,-0.095964443,,
Apr/16/2018 5:37:13 AM,IOTABTC,Apr/16/2018 5:37:13 AM,Apr/16/2018 5:36:28 AM,0.00019798,0.00019780,-0.00000018,-0.095964443,,
Apr/16/2018 5:37:13 AM,IOTABTC,Apr/16/2018 5:37:13 AM,Apr/16/2018 5:36:28 AM,0.00019798,0.00019780,-0.00000018,-0.095964443,,
Apr/16/2018 5:37:13 AM,IOTABTC,Apr/16/2018 5:37:13 AM,Apr/16/2018 5:36:28 AM,0.00019798,0.00019780,-0.00000018,-0.095964443,,
Apr/16/2018 5:37:18 AM,IOTABTC,Apr/16/2018 5:37:13 AM,Apr/16/2018 5:37:18 AM,0.00019798,0.00019777,-0.00000021,-0.10607132,,
Apr/16/2018 5:37:19 AM,IOTABTC,Apr/16/2018 5:37:19 AM,Apr/16/2018 5:37:18 AM,0.00019799,0.00019777,-0.00000022,-0.10607132,,
Apr/16/2018 5:37:36 AM,IOTABTC,Apr/16/2018 5:37:19 AM,Apr/16/2018 5:37:36 AM,0.00019799,0.00019778,-0.00000021,-0.106065963,,
Apr/16/2018 5:37:37 AM,IOTABTC,Apr/16/2018 5:37:19 AM,Apr/16/2018 5:37:37 AM,0.00019799,0.00019778,-0.00000021,-0.106065963,,
Apr/16/2018 5:37:38 AM,IOTABTC,Apr/16/2018 5:37:19 AM,Apr/16/2018 5:37:38 AM,0.00019799,0.00019778,-0.00000021,-0.106065963,,
Apr/16/2018 5:37:38 AM,IOTABTC,Apr/16/2018 5:37:19 AM,Apr/16/2018 5:37:38 AM,0.00019799,0.00019778,-0.00000021,-0.106065963,,
Apr/16/2018 5:37:38 AM,IOTABTC,Apr/16/2018 5:37:19 AM,Apr/16/2018 5:37:38 AM,0.00019799,0.00019778,-0.00000021,-0.106065963,,
Apr/16/2018 5:37:38 AM,IOTABTC,Apr/16/2018 5:37:19 AM,Apr/16/2018 5:37:38 AM,0.00019799,0.00019778,-0.00000021,-0.106065963,,
Apr/16/2018 5:37:44 AM,IOTABTC,Apr/16/2018 5:37:19 AM,Apr/16/2018 5:37:44 AM,0.00019799,0.00019778,-0.00000021,-0.106065963,,
Apr/16/2018 5:37:44 AM,IOTABTC,Apr/16/2018 5:37:19 AM,Apr/16/2018 5:37:44 AM,0.00019799,0.00019778,-0.00000021,-0.106065963,,
Apr/16/2018 5:37:44 AM,IOTABTC,Apr/16/2018 5:37:19 AM,Apr/16/2018 5:37:44 AM,0.00019799,0.00019778,-0.00000021,-0.106065963,,
Apr/16/2018 5:37:44 AM,IOTABTC,Apr/16/2018 5:37:19 AM,Apr/16/2018 5:37:44 AM,0.00019799,0.00019778,-0.00000021,-0.106065963,,
Apr/16/2018 5:37:45 AM,IOTABTC,Apr/16/2018 5:37:19 AM,Apr/16/2018 5:37:45 AM,0.00019799,0.00019778,-0.00000021,-0.106065963,,
Apr/16/2018 5:37:45 AM,IOTABTC,Apr/16/2018 5:37:19 AM,Apr/16/2018 5:37:45 AM,0.00019799,0.00019778,-0.00000021,-0.106065963,,
Apr/16/2018 5:37:45 AM,IOTABTC,Apr/16/2018 5:37:19 AM,Apr/16/2018 5:37:45 AM,0.00019799,0.00019778,-0.00000021,-0.106065963,,
Apr/16/2018 5:37:46 AM,IOTABTC,Apr/16/2018 5:37:19 AM,Apr/16/2018 5:37:46 AM,0.00019799,0.00019778,-0.00000021,-0.106065963,,
Apr/16/2018 5:37:48 AM,IOTABTC,Apr/16/2018 5:37:19 AM,Apr/16/2018 5:37:48 AM,0.00019799,0.00019778,-0.00000021,-0.106065963,,
Apr/16/2018 5:37:49 AM,IOTABTC,Apr/16/2018 5:37:19 AM,Apr/16/2018 5:37:49 AM,0.00019799,0.00019778,-0.00000021,-0.106065963,,
Apr/16/2018 5:37:50 AM,IOTABTC,Apr/16/2018 5:37:19 AM,Apr/16/2018 5:37:50 AM,0.00019799,0.00019778,-0.00000021,-0.106065963,,
Apr/16/2018 5:37:51 AM,IOTABTC,Apr/16/2018 5:37:19 AM,Apr/16/2018 5:37:51 AM,0.00019799,0.00019778,-0.00000021,-0.106065963,,
Apr/16/2018 5:37:51 AM,IOTABTC,Apr/16/2018 5:37:19 AM,Apr/16/2018 5:37:51 AM,0.00019799,0.00019778,-0.00000021,-0.106065963,,
Apr/16/2018 5:38:02 AM,IOTABTC,Apr/16/2018 5:38:02 AM,Apr/16/2018 5:37:51 AM,0.00019829,0.00019778,-0.00000051,-0.106065963,,
Apr/16/2018 5:38:03 AM,IOTABTC,Apr/16/2018 5:38:03 AM,Apr/16/2018 5:37:51 AM,0.00019829,0.00019778,-0.00000051,-0.106065963,,
Apr/16/2018 5:38:03 AM,IOTABTC,Apr/16/2018 5:38:03 AM,Apr/16/2018 5:37:51 AM,0.00019829,0.00019778,-0.00000051,-0.106065963,,
Apr/16/2018 5:38:03 AM,IOTABTC,Apr/16/2018 5:38:03 AM,Apr/16/2018 5:37:51 AM,0.00019829,0.00019778,-0.00000051,-0.106065963,,
Apr/16/2018 5:38:03 AM,IOTABTC,Apr/16/2018 5:38:03 AM,Apr/16/2018 5:37:51 AM,0.00019829,0.00019778,-0.00000051,-0.106065963,,
Apr/16/2018 5:38:04 AM,IOTABTC,Apr/16/2018 5:38:04 AM,Apr/16/2018 5:37:51 AM,0.00019829,0.00019778,-0.00000051,-0.106065963,,
Apr/16/2018 5:38:04 AM,IOTABTC,Apr/16/2018 5:38:04 AM,Apr/16/2018 5:37:51 AM,0.00019829,0.00019778,-0.00000051,-0.106065963,,
Apr/16/2018 5:38:05 AM,IOTABTC,Apr/16/2018 5:38:05 AM,Apr/16/2018 5:37:51 AM,0.00019829,0.00019778,-0.00000051,-0.106065963,,
Apr/16/2018 5:38:05 AM,IOTABTC,Apr/16/2018 5:38:05 AM,Apr/16/2018 5:37:51 AM,0.00019829,0.00019778,-0.00000051,-0.106065963,,
Apr/16/2018 5:38:05 AM,IOTABTC,Apr/16/2018 5:38:05 AM,Apr/16/2018 5:37:51 AM,0.00019829,0.00019778,-0.00000051,-0.106065963,,
Apr/16/2018 5:38:05 AM,IOTABTC,Apr/16/2018 5:38:05 AM,Apr/16/2018 5:37:51 AM,0.00019829,0.00019778,-0.00000051,-0.106065963,,
Apr/16/2018 5:38:05 AM,IOTABTC,Apr/16/2018 5:38:05 AM,Apr/16/2018 5:37:51 AM,0.00019829,0.00019778,-0.00000051,-0.106065963,,
Apr/16/2018 5:38:06 AM,IOTABTC,Apr/16/2018 5:38:06 AM,Apr/16/2018 5:37:51 AM,0.00019829,0.00019778,-0.00000051,-0.106065963,,
Apr/16/2018 5:38:09 AM,IOTABTC,Apr/16/2018 5:38:09 AM,Apr/16/2018 5:37:51 AM,0.00019791,0.00019778,-0.00000013,-0.106065963,,
Apr/16/2018 5:38:09 AM,IOTABTC,Apr/16/2018 5:38:09 AM,Apr/16/2018 5:37:51 AM,0.00019791,0.00019778,-0.00000013,-0.106065963,,
Apr/16/2018 5:38:09 AM,IOTABTC,Apr/16/2018 5:38:09 AM,Apr/16/2018 5:37:51 AM,0.00019791,0.00019778,-0.00000013,-0.106065963,,
Apr/16/2018 5:38:10 AM,IOTABTC,Apr/16/2018 5:38:10 AM,Apr/16/2018 5:37:51 AM,0.00019791,0.00019778,-0.00000013,-0.106065963,,
Apr/16/2018 5:38:10 AM,IOTABTC,Apr/16/2018 5:38:10 AM,Apr/16/2018 5:37:51 AM,0.00019791,0.00019778,-0.00000013,-0.106065963,,
Apr/16/2018 5:38:10 AM,IOTABTC,Apr/16/2018 5:38:10 AM,Apr/16/2018 5:37:51 AM,0.00019791,0.00019778,-0.00000013,-0.106065963,,
Apr/16/2018 5:38:10 AM,IOTABTC,Apr/16/2018 5:38:10 AM,Apr/16/2018 5:37:51 AM,0.00019791,0.00019778,-0.00000013,-0.106065963,,
Apr/16/2018 5:38:10 AM,IOTABTC,Apr/16/2018 5:38:10 AM,Apr/16/2018 5:37:51 AM,0.00019791,0.00019778,-0.00000013,-0.106065963,,
Apr/16/2018 5:38:11 AM,IOTABTC,Apr/16/2018 5:38:11 AM,Apr/16/2018 5:37:51 AM,0.00019791,0.00019778,-0.00000013,-0.106065963,,
Apr/16/2018 5:38:11 AM,IOTABTC,Apr/16/2018 5:38:11 AM,Apr/16/2018 5:37:51 AM,0.00019791,0.00019778,-0.00000013,-0.106065963,,
Apr/16/2018 5:38:13 AM,IOTABTC,Apr/16/2018 5:38:13 AM,Apr/16/2018 5:37:51 AM,0.00019791,0.00019778,-0.00000013,-0.106065963,,
Apr/16/2018 5:38:14 AM,IOTABTC,Apr/16/2018 5:38:14 AM,Apr/16/2018 5:37:51 AM,0.00019791,0.00019778,-0.00000013,-0.106065963,,
Apr/16/2018 5:38:14 AM,IOTABTC,Apr/16/2018 5:38:14 AM,Apr/16/2018 5:37:51 AM,0.00019791,0.00019778,-0.00000013,-0.106065963,,
Apr/16/2018 5:38:15 AM,IOTABTC,Apr/16/2018 5:38:15 AM,Apr/16/2018 5:37:51 AM,0.00019791,0.00019778,-0.00000013,-0.106065963,,
Apr/16/2018 5:38:16 AM,IOTABTC,Apr/16/2018 5:38:16 AM,Apr/16/2018 5:37:51 AM,0.00019791,0.00019778,-0.00000013,-0.106065963,,
Apr/16/2018 5:38:16 AM,IOTABTC,Apr/16/2018 5:38:16 AM,Apr/16/2018 5:37:51 AM,0.00019791,0.00019778,-0.00000013,-0.106065963,,
Apr/16/2018 5:38:19 AM,IOTABTC,Apr/16/2018 5:38:19 AM,Apr/16/2018 5:37:51 AM,0.00019791,0.00019778,-0.00000013,-0.106065963,,
Apr/16/2018 5:38:29 AM,IOTABTC,Apr/16/2018 5:38:19 AM,Apr/16/2018 5:38:29 AM,0.00019791,0.00019777,-0.00000014,-0.070739225,,
Apr/16/2018 5:38:29 AM,IOTABTC,Apr/16/2018 5:38:19 AM,Apr/16/2018 5:38:29 AM,0.00019791,0.00019777,-0.00000014,-0.070739225,,
Apr/16/2018 5:38:29 AM,IOTABTC,Apr/16/2018 5:38:19 AM,Apr/16/2018 5:38:29 AM,0.00019791,0.00019777,-0.00000014,-0.070739225,,
Apr/16/2018 5:38:29 AM,IOTABTC,Apr/16/2018 5:38:19 AM,Apr/16/2018 5:38:29 AM,0.00019791,0.00019777,-0.00000014,-0.070739225,,
Apr/16/2018 5:38:29 AM,IOTABTC,Apr/16/2018 5:38:19 AM,Apr/16/2018 5:38:29 AM,0.00019791,0.00019777,-0.00000014,-0.070739225,,
Apr/16/2018 5:38:30 AM,IOTABTC,Apr/16/2018 5:38:19 AM,Apr/16/2018 5:38:30 AM,0.00019791,0.00019777,-0.00000014,-0.070739225,,
Apr/16/2018 5:38:30 AM,IOTABTC,Apr/16/2018 5:38:19 AM,Apr/16/2018 5:38:30 AM,0.00019791,0.00019777,-0.00000014,-0.070739225,,
Apr/16/2018 5:38:30 AM,IOTABTC,Apr/16/2018 5:38:19 AM,Apr/16/2018 5:38:30 AM,0.00019791,0.00019777,-0.00000014,-0.070739225,,
Apr/16/2018 5:38:31 AM,IOTABTC,Apr/16/2018 5:38:19 AM,Apr/16/2018 5:38:31 AM,0.00019791,0.00019777,-0.00000014,-0.070739225,,
Apr/16/2018 5:38:31 AM,IOTABTC,Apr/16/2018 5:38:19 AM,Apr/16/2018 5:38:31 AM,0.00019791,0.00019777,-0.00000014,-0.070739225,,
Apr/16/2018 5:38:31 AM,IOTABTC,Apr/16/2018 5:38:19 AM,Apr/16/2018 5:38:31 AM,0.00019791,0.00019777,-0.00000014,-0.070739225,,
Apr/16/2018 5:38:32 AM,IOTABTC,Apr/16/2018 5:38:19 AM,Apr/16/2018 5:38:32 AM,0.00019791,0.00019777,-0.00000014,-0.070739225,,
Apr/16/2018 5:38:34 AM,IOTABTC,Apr/16/2018 5:38:19 AM,Apr/16/2018 5:38:34 AM,0.00019791,0.00019777,-0.00000014,-0.070739225,,
Apr/16/2018 5:38:35 AM,IOTABTC,Apr/16/2018 5:38:19 AM,Apr/16/2018 5:38:35 AM,0.00019791,0.00019777,-0.00000014,-0.070739225,,
Apr/16/2018 5:38:35 AM,IOTABTC,Apr/16/2018 5:38:19 AM,Apr/16/2018 5:38:35 AM,0.00019791,0.00019777,-0.00000014,-0.070739225,,
Apr/16/2018 5:38:35 AM,IOTABTC,Apr/16/2018 5:38:19 AM,Apr/16/2018 5:38:35 AM,0.00019791,0.00019779,-0.00000012,-0.060633621,,
Apr/16/2018 5:38:36 AM,IOTABTC,Apr/16/2018 5:38:19 AM,Apr/16/2018 5:38:36 AM,0.00019791,0.00019779,-0.00000012,-0.060633621,,
Apr/16/2018 5:38:36 AM,IOTABTC,Apr/16/2018 5:38:19 AM,Apr/16/2018 5:38:36 AM,0.00019791,0.00019779,-0.00000012,-0.060633621,,
Apr/16/2018 5:38:36 AM,IOTABTC,Apr/16/2018 5:38:19 AM,Apr/16/2018 5:38:36 AM,0.00019791,0.00019779,-0.00000012,-0.060633621,,
Apr/16/2018 5:38:36 AM,IOTABTC,Apr/16/2018 5:38:19 AM,Apr/16/2018 5:38:36 AM,0.00019791,0.00019779,-0.00000012,-0.060633621,,
Apr/16/2018 5:38:36 AM,IOTABTC,Apr/16/2018 5:38:19 AM,Apr/16/2018 5:38:36 AM,0.00019791,0.00019779,-0.00000012,-0.060633621,,
Apr/16/2018 5:38:37 AM,IOTABTC,Apr/16/2018 5:38:19 AM,Apr/16/2018 5:38:37 AM,0.00019791,0.00019779,-0.00000012,-0.060633621,,
Apr/16/2018 5:38:39 AM,IOTABTC,Apr/16/2018 5:38:19 AM,Apr/16/2018 5:38:39 AM,0.00019791,0.00019779,-0.00000012,-0.060633621,,
Apr/16/2018 5:38:40 AM,IOTABTC,Apr/16/2018 5:38:19 AM,Apr/16/2018 5:38:40 AM,0.00019791,0.00019779,-0.00000012,-0.060633621,,
Apr/16/2018 5:38:40 AM,IOTABTC,Apr/16/2018 5:38:19 AM,Apr/16/2018 5:38:40 AM,0.00019791,0.00019779,-0.00000012,-0.060633621,,
Apr/16/2018 5:38:41 AM,IOTABTC,Apr/16/2018 5:38:19 AM,Apr/16/2018 5:38:41 AM,0.00019791,0.00019779,-0.00000012,-0.060633621,,
Apr/16/2018 5:38:42 AM,IOTABTC,Apr/16/2018 5:38:19 AM,Apr/16/2018 5:38:42 AM,0.00019791,0.00019779,-0.00000012,-0.060633621,,
Apr/16/2018 5:38:42 AM,IOTABTC,Apr/16/2018 5:38:19 AM,Apr/16/2018 5:38:42 AM,0.00019791,0.00019779,-0.00000012,-0.060633621,,
Apr/16/2018 5:38:45 AM,IOTABTC,Apr/16/2018 5:38:19 AM,Apr/16/2018 5:38:45 AM,0.00019791,0.00019779,-0.00000012,-0.060633621,,
Apr/16/2018 5:38:53 AM,IOTABTC,Apr/16/2018 5:38:19 AM,Apr/16/2018 5:38:53 AM,0.00019791,0.00019779,-0.00000012,-0.060633621,,
Apr/16/2018 5:39:06 AM,IOTABTC,Apr/16/2018 5:39:06 AM,Apr/16/2018 5:38:53 AM,0.00019809,0.00019779,-0.00000030,-0.060633621,,
Apr/16/2018 5:39:06 AM,IOTABTC,Apr/16/2018 5:39:06 AM,Apr/16/2018 5:38:53 AM,0.00019809,0.00019779,-0.00000030,-0.060633621,,
Apr/16/2018 5:39:07 AM,IOTABTC,Apr/16/2018 5:39:07 AM,Apr/16/2018 5:38:53 AM,0.00019809,0.00019779,-0.00000030,-0.060633621,,
Apr/16/2018 5:39:07 AM,IOTABTC,Apr/16/2018 5:39:07 AM,Apr/16/2018 5:38:53 AM,0.00019809,0.00019779,-0.00000030,-0.060633621,,
Apr/16/2018 5:39:11 AM,IOTABTC,Apr/16/2018 5:39:11 AM,Apr/16/2018 5:38:53 AM,0.00019809,0.00019779,-0.00000030,-0.060633621,,
Apr/16/2018 5:39:26 AM,IOTABTC,Apr/16/2018 5:39:26 AM,Apr/16/2018 5:38:53 AM,0.00019808,0.00019779,-0.00000029,-0.060633621,,
Apr/16/2018 5:39:27 AM,IOTABTC,Apr/16/2018 5:39:27 AM,Apr/16/2018 5:38:53 AM,0.00019808,0.00019779,-0.00000029,-0.060633621,,
Apr/16/2018 5:39:27 AM,IOTABTC,Apr/16/2018 5:39:27 AM,Apr/16/2018 5:38:53 AM,0.00019808,0.00019779,-0.00000029,-0.060633621,,
Apr/16/2018 5:39:27 AM,IOTABTC,Apr/16/2018 5:39:27 AM,Apr/16/2018 5:38:53 AM,0.00019808,0.00019779,-0.00000029,-0.060633621,,
Apr/16/2018 5:39:27 AM,IOTABTC,Apr/16/2018 5:39:27 AM,Apr/16/2018 5:38:53 AM,0.00019808,0.00019779,-0.00000029,-0.060633621,,
Apr/16/2018 5:39:27 AM,IOTABTC,Apr/16/2018 5:39:27 AM,Apr/16/2018 5:38:53 AM,0.00019808,0.00019779,-0.00000029,-0.060633621,,
Apr/16/2018 5:39:27 AM,IOTABTC,Apr/16/2018 5:39:27 AM,Apr/16/2018 5:38:53 AM,0.00019808,0.00019779,-0.00000029,-0.060633621,,
Apr/16/2018 5:39:27 AM,IOTABTC,Apr/16/2018 5:39:27 AM,Apr/16/2018 5:38:53 AM,0.00019808,0.00019779,-0.00000029,-0.060633621,,
Apr/16/2018 5:39:28 AM,IOTABTC,Apr/16/2018 5:39:28 AM,Apr/16/2018 5:38:53 AM,0.00019808,0.00019779,-0.00000029,-0.060633621,,
Apr/16/2018 5:39:30 AM,IOTABTC,Apr/16/2018 5:39:30 AM,Apr/16/2018 5:38:53 AM,0.00019808,0.00019779,-0.00000029,-0.060633621,,
Apr/16/2018 5:39:31 AM,IOTABTC,Apr/16/2018 5:39:31 AM,Apr/16/2018 5:38:53 AM,0.00019808,0.00019779,-0.00000029,-0.060633621,,
Apr/16/2018 5:39:31 AM,IOTABTC,Apr/16/2018 5:39:31 AM,Apr/16/2018 5:38:53 AM,0.00019808,0.00019779,-0.00000029,-0.060633621,,
Apr/16/2018 5:39:37 AM,IOTABTC,Apr/16/2018 5:39:37 AM,Apr/16/2018 5:38:53 AM,0.00019808,0.00019779,-0.00000029,-0.060633621,,
Apr/16/2018 5:39:44 AM,IOTABTC,Apr/16/2018 5:39:44 AM,Apr/16/2018 5:38:53 AM,0.00019808,0.00019779,-0.00000029,-0.060633621,,
Apr/16/2018 5:39:45 AM,IOTABTC,Apr/16/2018 5:39:45 AM,Apr/16/2018 5:38:53 AM,0.00019808,0.00019779,-0.00000029,-0.060633621,,
Apr/16/2018 5:39:45 AM,IOTABTC,Apr/16/2018 5:39:45 AM,Apr/16/2018 5:38:53 AM,0.00019808,0.00019779,-0.00000029,-0.060633621,,
Apr/16/2018 5:39:45 AM,IOTABTC,Apr/16/2018 5:39:45 AM,Apr/16/2018 5:38:53 AM,0.00019808,0.00019779,-0.00000029,-0.060633621,,
Apr/16/2018 5:39:46 AM,IOTABTC,Apr/16/2018 5:39:46 AM,Apr/16/2018 5:38:53 AM,0.00019808,0.00019779,-0.00000029,-0.060633621,,
Apr/16/2018 5:39:46 AM,IOTABTC,Apr/16/2018 5:39:46 AM,Apr/16/2018 5:38:53 AM,0.00019808,0.00019779,-0.00000029,-0.060633621,,
Apr/16/2018 5:39:46 AM,IOTABTC,Apr/16/2018 5:39:46 AM,Apr/16/2018 5:38:53 AM,0.00019808,0.00019779,-0.00000029,-0.060633621,,
Apr/16/2018 5:39:46 AM,IOTABTC,Apr/16/2018 5:39:46 AM,Apr/16/2018 5:38:53 AM,0.00019808,0.00019779,-0.00000029,-0.060633621,,
Apr/16/2018 5:39:47 AM,IOTABTC,Apr/16/2018 5:39:47 AM,Apr/16/2018 5:38:53 AM,0.00019808,0.00019779,-0.00000029,-0.060633621,,
Apr/16/2018 5:39:47 AM,IOTABTC,Apr/16/2018 5:39:47 AM,Apr/16/2018 5:38:53 AM,0.00019808,0.00019779,-0.00000029,-0.060633621,,
Apr/16/2018 5:39:47 AM,IOTABTC,Apr/16/2018 5:39:47 AM,Apr/16/2018 5:38:53 AM,0.00019808,0.00019779,-0.00000029,-0.060633621,,
Apr/16/2018 5:39:48 AM,IOTABTC,Apr/16/2018 5:39:48 AM,Apr/16/2018 5:38:53 AM,0.00019808,0.00019779,-0.00000029,-0.060633621,,
Apr/16/2018 5:39:48 AM,IOTABTC,Apr/16/2018 5:39:48 AM,Apr/16/2018 5:38:53 AM,0.00019808,0.00019779,-0.00000029,-0.060633621,,
Apr/16/2018 5:39:48 AM,IOTABTC,Apr/16/2018 5:39:48 AM,Apr/16/2018 5:38:53 AM,0.00019808,0.00019779,-0.00000029,-0.060633621,,
Apr/16/2018 5:39:48 AM,IOTABTC,Apr/16/2018 5:39:48 AM,Apr/16/2018 5:38:53 AM,0.00019808,0.00019779,-0.00000029,-0.060633621,,
Apr/16/2018 5:39:51 AM,IOTABTC,Apr/16/2018 5:39:51 AM,Apr/16/2018 5:38:53 AM,0.00019808,0.00019779,-0.00000029,-0.060633621,,
Apr/16/2018 5:39:51 AM,IOTABTC,Apr/16/2018 5:39:51 AM,Apr/16/2018 5:38:53 AM,0.00019808,0.00019779,-0.00000029,-0.060633621,,
Apr/16/2018 5:41:46 AM,IOTABTC,Apr/16/2018 5:39:51 AM,Apr/16/2018 5:41:46 AM,0.00019808,0.00019777,-0.00000031,-0.156502423,,
Apr/16/2018 5:42:11 AM,IOTABTC,Apr/16/2018 5:42:11 AM,Apr/16/2018 5:41:46 AM,0.00019799,0.00019777,-0.00000022,-0.156502423,,
Apr/16/2018 5:42:13 AM,IOTABTC,Apr/16/2018 5:42:13 AM,Apr/16/2018 5:41:46 AM,0.00019799,0.00019777,-0.00000022,-0.156502423,,
Apr/16/2018 5:42:36 AM,IOTABTC,Apr/16/2018 5:42:13 AM,Apr/16/2018 5:42:36 AM,0.00019799,0.00019782,-0.00000017,-0.085862922,,
Apr/16/2018 5:42:50 AM,IOTABTC,Apr/16/2018 5:42:13 AM,Apr/16/2018 5:42:50 AM,0.00019799,0.00019778,-0.00000021,-0.106065963,,
Apr/16/2018 5:42:50 AM,IOTABTC,Apr/16/2018 5:42:13 AM,Apr/16/2018 5:42:50 AM,0.00019799,0.00019778,-0.00000021,-0.106065963,,
Apr/16/2018 5:42:50 AM,IOTABTC,Apr/16/2018 5:42:13 AM,Apr/16/2018 5:42:50 AM,0.00019799,0.00019778,-0.00000021,-0.106065963,,
Apr/16/2018 5:42:50 AM,IOTABTC,Apr/16/2018 5:42:13 AM,Apr/16/2018 5:42:50 AM,0.00019799,0.00019778,-0.00000021,-0.106065963,,
Apr/16/2018 5:42:51 AM,IOTABTC,Apr/16/2018 5:42:13 AM,Apr/16/2018 5:42:51 AM,0.00019799,0.00019778,-0.00000021,-0.106065963,,
Apr/16/2018 5:42:51 AM,IOTABTC,Apr/16/2018 5:42:13 AM,Apr/16/2018 5:42:51 AM,0.00019799,0.00019778,-0.00000021,-0.106065963,,
Apr/16/2018 5:42:52 AM,IOTABTC,Apr/16/2018 5:42:13 AM,Apr/16/2018 5:42:52 AM,0.00019799,0.00019778,-0.00000021,-0.106065963,,
Apr/16/2018 5:42:52 AM,IOTABTC,Apr/16/2018 5:42:13 AM,Apr/16/2018 5:42:52 AM,0.00019799,0.00019778,-0.00000021,-0.106065963,,
Apr/16/2018 5:42:52 AM,IOTABTC,Apr/16/2018 5:42:13 AM,Apr/16/2018 5:42:52 AM,0.00019799,0.00019778,-0.00000021,-0.106065963,,
Apr/16/2018 5:42:52 AM,IOTABTC,Apr/16/2018 5:42:13 AM,Apr/16/2018 5:42:52 AM,0.00019799,0.00019778,-0.00000021,-0.106065963,,
Apr/16/2018 5:42:53 AM,IOTABTC,Apr/16/2018 5:42:13 AM,Apr/16/2018 5:42:53 AM,0.00019799,0.00019778,-0.00000021,-0.106065963,,
Apr/16/2018 5:42:54 AM,IOTABTC,Apr/16/2018 5:42:13 AM,Apr/16/2018 5:42:54 AM,0.00019799,0.00019778,-0.00000021,-0.106065963,,
Apr/16/2018 5:42:55 AM,IOTABTC,Apr/16/2018 5:42:13 AM,Apr/16/2018 5:42:55 AM,0.00019799,0.00019778,-0.00000021,-0.106065963,,
Apr/16/2018 5:42:56 AM,IOTABTC,Apr/16/2018 5:42:13 AM,Apr/16/2018 5:42:56 AM,0.00019799,0.00019778,-0.00000021,-0.106065963,,
Apr/16/2018 5:42:56 AM,IOTABTC,Apr/16/2018 5:42:13 AM,Apr/16/2018 5:42:56 AM,0.00019799,0.00019778,-0.00000021,-0.106065963,,
Apr/16/2018 5:42:56 AM,IOTABTC,Apr/16/2018 5:42:13 AM,Apr/16/2018 5:42:56 AM,0.00019799,0.00019778,-0.00000021,-0.106065963,,
Apr/16/2018 5:42:57 AM,IOTABTC,Apr/16/2018 5:42:13 AM,Apr/16/2018 5:42:57 AM,0.00019799,0.00019778,-0.00000021,-0.106065963,,
Apr/16/2018 5:42:58 AM,IOTABTC,Apr/16/2018 5:42:13 AM,Apr/16/2018 5:42:58 AM,0.00019799,0.00019778,-0.00000021,-0.106065963,,
Apr/16/2018 5:43:02 AM,IOTABTC,Apr/16/2018 5:43:02 AM,Apr/16/2018 5:42:58 AM,0.00019789,0.00019778,-0.00000011,-0.106065963,,
Apr/16/2018 5:43:02 AM,IOTABTC,Apr/16/2018 5:43:02 AM,Apr/16/2018 5:42:58 AM,0.00019789,0.00019778,-0.00000011,-0.106065963,,
Apr/16/2018 5:43:03 AM,IOTABTC,Apr/16/2018 5:43:03 AM,Apr/16/2018 5:42:58 AM,0.00019787,0.00019778,-0.00000009,-0.106065963,,
Apr/16/2018 5:43:15 AM,IOTABTC,Apr/16/2018 5:43:15 AM,Apr/16/2018 5:42:58 AM,0.00019787,0.00019778,-0.00000009,-0.106065963,,
Apr/16/2018 5:43:16 AM,IOTABTC,Apr/16/2018 5:43:16 AM,Apr/16/2018 5:42:58 AM,0.00019786,0.00019778,-0.00000008,-0.106065963,,
Apr/16/2018 5:43:16 AM,IOTABTC,Apr/16/2018 5:43:16 AM,Apr/16/2018 5:42:58 AM,0.00019786,0.00019778,-0.00000008,-0.106065963,,
Apr/16/2018 5:43:16 AM,IOTABTC,Apr/16/2018 5:43:16 AM,Apr/16/2018 5:42:58 AM,0.00019786,0.00019778,-0.00000008,-0.106065963,,
Apr/16/2018 5:43:16 AM,IOTABTC,Apr/16/2018 5:43:16 AM,Apr/16/2018 5:42:58 AM,0.00019786,0.00019778,-0.00000008,-0.106065963,,
Apr/16/2018 5:43:17 AM,IOTABTC,Apr/16/2018 5:43:17 AM,Apr/16/2018 5:42:58 AM,0.00019786,0.00019778,-0.00000008,-0.106065963,,
Apr/16/2018 5:43:17 AM,IOTABTC,Apr/16/2018 5:43:17 AM,Apr/16/2018 5:42:58 AM,0.00019786,0.00019778,-0.00000008,-0.106065963,,
Apr/16/2018 5:43:17 AM,IOTABTC,Apr/16/2018 5:43:17 AM,Apr/16/2018 5:42:58 AM,0.00019786,0.00019778,-0.00000008,-0.106065963,,
Apr/16/2018 5:43:17 AM,IOTABTC,Apr/16/2018 5:43:17 AM,Apr/16/2018 5:42:58 AM,0.00019786,0.00019778,-0.00000008,-0.106065963,,
Apr/16/2018 5:43:18 AM,IOTABTC,Apr/16/2018 5:43:18 AM,Apr/16/2018 5:42:58 AM,0.00019786,0.00019778,-0.00000008,-0.106065963,,
Apr/16/2018 5:43:18 AM,IOTABTC,Apr/16/2018 5:43:18 AM,Apr/16/2018 5:42:58 AM,0.00019786,0.00019778,-0.00000008,-0.106065963,,
Apr/16/2018 5:43:19 AM,IOTABTC,Apr/16/2018 5:43:19 AM,Apr/16/2018 5:42:58 AM,0.00019786,0.00019778,-0.00000008,-0.106065963,,
Apr/16/2018 5:43:20 AM,IOTABTC,Apr/16/2018 5:43:20 AM,Apr/16/2018 5:42:58 AM,0.00019786,0.00019778,-0.00000008,-0.106065963,,
Apr/16/2018 5:43:21 AM,IOTABTC,Apr/16/2018 5:43:21 AM,Apr/16/2018 5:42:58 AM,0.00019786,0.00019778,-0.00000008,-0.106065963,,
Apr/16/2018 5:43:22 AM,IOTABTC,Apr/16/2018 5:43:22 AM,Apr/16/2018 5:42:58 AM,0.00019786,0.00019778,-0.00000008,-0.106065963,,
Apr/16/2018 5:43:22 AM,IOTABTC,Apr/16/2018 5:43:22 AM,Apr/16/2018 5:42:58 AM,0.00019786,0.00019778,-0.00000008,-0.106065963,,
Apr/16/2018 5:43:22 AM,IOTABTC,Apr/16/2018 5:43:22 AM,Apr/16/2018 5:42:58 AM,0.00019786,0.00019778,-0.00000008,-0.106065963,,
Apr/16/2018 5:43:23 AM,IOTABTC,Apr/16/2018 5:43:23 AM,Apr/16/2018 5:42:58 AM,0.00019786,0.00019778,-0.00000008,-0.106065963,,
Apr/16/2018 5:43:23 AM,IOTABTC,Apr/16/2018 5:43:23 AM,Apr/16/2018 5:42:58 AM,0.00019786,0.00019778,-0.00000008,-0.106065963,,
Apr/16/2018 5:43:23 AM,IOTABTC,Apr/16/2018 5:43:23 AM,Apr/16/2018 5:42:58 AM,0.00019786,0.00019778,-0.00000008,-0.106065963,,
Apr/16/2018 5:59:59 AM,IOTABTC,Apr/16/2018 5:43:23 AM,Apr/16/2018 5:59:59 AM,0.00019786,0.00019890,0.00000104,0.525624179,,
Apr/16/2018 6:00:01 AM,IOTABTC,Apr/16/2018 5:43:23 AM,Apr/16/2018 6:00:01 AM,0.00019786,0.00019890,0.00000104,0.525624179,,
Apr/16/2018 6:00:01 AM,ADABTC,Apr/16/2018 6:00:01 AM,Apr/16/2018 6:00:01 AM,0.00002935,0.00019890,0.00016955,0.525624179,,
Apr/16/2018 6:00:02 AM,IOTABTC,Apr/16/2018 6:00:01 AM,Apr/16/2018 6:00:02 AM,0.00002935,0.00019890,0.00016955,577.6831346,,
Apr/16/2018 6:00:02 AM,IOTABTC,Apr/16/2018 6:00:01 AM,Apr/16/2018 6:00:02 AM,0.00002935,0.00019890,0.00016955,577.6831346,,
Apr/16/2018 6:00:02 AM,IOTABTC,Apr/16/2018 6:00:01 AM,Apr/16/2018 6:00:02 AM,0.00002935,0.00019890,0.00016955,577.6831346,,
Apr/16/2018 6:00:04 AM,IOTABTC,Apr/16/2018 6:00:01 AM,Apr/16/2018 6:00:04 AM,0.00002935,0.00019890,0.00016955,577.6831346,,
Apr/16/2018 6:00:04 AM,IOTABTC,Apr/16/2018 6:00:01 AM,Apr/16/2018 6:00:04 AM,0.00002935,0.00019890,0.00016955,577.6831346,,
Apr/16/2018 6:00:05 AM,IOTABTC,Apr/16/2018 6:00:01 AM,Apr/16/2018 6:00:05 AM,0.00002935,0.00019890,0.00016955,577.6831346,,
Apr/16/2018 6:00:05 AM,IOTABTC,Apr/16/2018 6:00:01 AM,Apr/16/2018 6:00:05 AM,0.00002935,0.00019890,0.00016955,577.6831346,,
Apr/16/2018 6:00:06 AM,IOTABTC,Apr/16/2018 6:00:01 AM,Apr/16/2018 6:00:06 AM,0.00002935,0.00019890,0.00016955,577.6831346,,
Apr/16/2018 6:00:16 AM,IOTABTC,Apr/16/2018 6:00:01 AM,Apr/16/2018 6:00:16 AM,0.00002935,0.00019857,0.00016922,576.5587734,,
Apr/16/2018 6:00:16 AM,IOTABTC,Apr/16/2018 6:00:01 AM,Apr/16/2018 6:00:16 AM,0.00002935,0.00019857,0.00016922,576.5587734,,
Apr/16/2018 6:00:16 AM,IOTABTC,Apr/16/2018 6:00:01 AM,Apr/16/2018 6:00:16 AM,0.00002935,0.00019857,0.00016922,576.5587734,,
Apr/16/2018 6:00:16 AM,IOTABTC,Apr/16/2018 6:00:01 AM,Apr/16/2018 6:00:16 AM,0.00002935,0.00019857,0.00016922,576.5587734,,
Apr/16/2018 6:00:16 AM,IOTABTC,Apr/16/2018 6:00:01 AM,Apr/16/2018 6:00:16 AM,0.00002935,0.00019857,0.00016922,576.5587734,,
Apr/16/2018 6:00:16 AM,IOTABTC,Apr/16/2018 6:00:01 AM,Apr/16/2018 6:00:16 AM,0.00002935,0.00019857,0.00016922,576.5587734,,
Apr/16/2018 6:00:16 AM,IOTABTC,Apr/16/2018 6:00:01 AM,Apr/16/2018 6:00:16 AM,0.00002935,0.00019857,0.00016922,576.5587734,,
Apr/16/2018 6:00:16 AM,IOTABTC,Apr/16/2018 6:00:01 AM,Apr/16/2018 6:00:16 AM,0.00002935,0.00019857,0.00016922,576.5587734,,
Apr/16/2018 6:00:16 AM,IOTABTC,Apr/16/2018 6:00:01 AM,Apr/16/2018 6:00:16 AM,0.00002935,0.00019857,0.00016922,576.5587734,,
Apr/16/2018 6:00:16 AM,IOTABTC,Apr/16/2018 6:00:01 AM,Apr/16/2018 6:00:16 AM,0.00002935,0.00019857,0.00016922,576.5587734,,
Apr/16/2018 6:00:17 AM,IOTABTC,Apr/16/2018 6:00:01 AM,Apr/16/2018 6:00:17 AM,0.00002935,0.00019857,0.00016922,576.5587734,,
Apr/16/2018 6:00:17 AM,IOTABTC,Apr/16/2018 6:00:01 AM,Apr/16/2018 6:00:17 AM,0.00002935,0.00019857,0.00016922,576.5587734,,
Apr/16/2018 6:00:17 AM,IOTABTC,Apr/16/2018 6:00:01 AM,Apr/16/2018 6:00:17 AM,0.00002935,0.00019857,0.00016922,576.5587734,,
Apr/16/2018 6:00:17 AM,XRPBTC,Apr/16/2018 6:00:01 AM,Apr/16/2018 6:00:17 AM,0.00002935,0.00008175,0.00005240,178.5349233,,
Apr/16/2018 6:00:17 AM,IOTABTC,Apr/16/2018 6:00:01 AM,Apr/16/2018 6:00:17 AM,0.00002935,0.00019857,0.00016922,576.5587734,,
Apr/16/2018 6:00:18 AM,IOTABTC,Apr/16/2018 6:00:01 AM,Apr/16/2018 6:00:18 AM,0.00002935,0.00019857,0.00016922,576.5587734,,-0.00016922
Apr/16/2018 6:00:18 AM,XRPBTC,Apr/16/2018 6:00:01 AM,Apr/16/2018 6:00:18 AM,0.00002935,0.00008175,0.00005240,178.5349233,,
Apr/16/2018 6:00:18 AM,IOTABTC,Apr/16/2018 6:00:01 AM,Apr/16/2018 6:00:18 AM,0.00002935,0.00019857,0.00016922,576.5587734,,
Apr/16/2018 6:00:18 AM,IOTABTC,Apr/16/2018 6:00:01 AM,Apr/16/2018 6:00:18 AM,0.00002935,0.00019857,0.00016922,576.5587734,,
Apr/16/2018 6:00:19 AM,IOTABTC,Apr/16/2018 6:00:01 AM,Apr/16/2018 6:00:19 AM,0.00002935,0.00019857,0.00016922,576.5587734,,
Apr/16/2018 6:00:20 AM,ADABTC,Apr/16/2018 6:00:20 AM,Apr/16/2018 6:00:19 AM,0.00002938,0.00019857,0.00016919,576.5587734,,
Apr/16/2018 6:00:20 AM,IOTABTC,Apr/16/2018 6:00:20 AM,Apr/16/2018 6:00:20 AM,0.00002938,0.00019857,0.00016919,575.8679374,,
Apr/16/2018 6:00:20 AM,IOTABTC,Apr/16/2018 6:00:20 AM,Apr/16/2018 6:00:20 AM,0.00002938,0.00019857,0.00016919,575.8679374,,
Apr/16/2018 6:00:21 AM,IOTABTC,Apr/16/2018 6:00:20 AM,Apr/16/2018 6:00:21 AM,0.00002938,0.00019857,0.00016919,575.8679374,,
Apr/16/2018 6:00:21 AM,IOTABTC,Apr/16/2018 6:00:20 AM,Apr/16/2018 6:00:21 AM,0.00002938,0.00019857,0.00016919,575.8679374,,
Apr/16/2018 6:00:21 AM,IOTABTC,Apr/16/2018 6:00:20 AM,Apr/16/2018 6:00:21 AM,0.00002938,0.00019857,0.00016919,575.8679374,,
Apr/16/2018 6:00:21 AM,IOTABTC,Apr/16/2018 6:00:20 AM,Apr/16/2018 6:00:21 AM,0.00002938,0.00019857,0.00016919,575.8679374,,
Apr/16/2018 6:00:21 AM,IOTABTC,Apr/16/2018 6:00:20 AM,Apr/16/2018 6:00:21 AM,0.00002938,0.00019857,0.00016919,575.8679374,,
Apr/16/2018 6:00:22 AM,IOTABTC,Apr/16/2018 6:00:20 AM,Apr/16/2018 6:00:22 AM,0.00002938,0.00019857,0.00016919,575.8679374,,
Apr/16/2018 6:00:22 AM,IOTABTC,Apr/16/2018 6:00:20 AM,Apr/16/2018 6:00:22 AM,0.00002938,0.00019857,0.00016919,575.8679374,,
Apr/16/2018 6:00:23 AM,IOTABTC,Apr/16/2018 6:00:20 AM,Apr/16/2018 6:00:23 AM,0.00002938,0.00019857,0.00016919,575.8679374,,
Apr/16/2018 6:00:24 AM,IOTABTC,Apr/16/2018 6:00:20 AM,Apr/16/2018 6:00:24 AM,0.00002938,0.00019857,0.00016919,575.8679374,,
Apr/16/2018 6:00:24 AM,IOTABTC,Apr/16/2018 6:00:20 AM,Apr/16/2018 6:00:24 AM,0.00002938,0.00019857,0.00016919,575.8679374,,
Apr/16/2018 6:15:16 AM,ADABTC,Apr/16/2018 6:00:20 AM,Apr/16/2018 6:15:16 AM,0.00002938,0.00002930,-0.00000008,-0.272294078,,
Apr/16/2018 6:15:21 AM,ADABTC,Apr/16/2018 6:00:20 AM,Apr/16/2018 6:15:21 AM,0.00002938,0.00002930,-0.00000008,-0.272294078,,
Apr/16/2018 6:16:15 AM,ADABTC,Apr/16/2018 6:16:15 AM,Apr/16/2018 6:15:21 AM,0.00002932,0.00002930,-0.00000002,-0.272294078,,
Apr/16/2018 6:16:40 AM,ADABTC,Apr/16/2018 6:16:15 AM,Apr/16/2018 6:16:40 AM,0.00002932,0.00002930,-0.00000002,-0.068212824,,
Apr/16/2018 6:16:58 AM,ADABTC,Apr/16/2018 6:16:58 AM,Apr/16/2018 6:16:40 AM,0.00002931,0.00002930,-0.00000001,-0.068212824,,
Apr/16/2018 6:17:24 AM,ADABTC,Apr/16/2018 6:16:58 AM,Apr/16/2018 6:17:24 AM,0.00002931,0.00002926,-0.00000005,-0.170590242,,
Apr/16/2018 6:20:26 AM,ADABTC,Apr/16/2018 6:20:26 AM,Apr/16/2018 6:17:24 AM,0.00002932,0.00002926,-0.00000006,-0.170590242,,
Apr/16/2018 6:20:27 AM,ADABTC,Apr/16/2018 6:20:27 AM,Apr/16/2018 6:17:24 AM,0.00002932,0.00002926,-0.00000006,-0.170590242,,
Apr/16/2018 6:20:34 AM,ADABTC,Apr/16/2018 6:20:34 AM,Apr/16/2018 6:17:24 AM,0.00002931,0.00002926,-0.00000005,-0.170590242,,
Apr/16/2018 6:20:50 AM,ADABTC,Apr/16/2018 6:20:50 AM,Apr/16/2018 6:17:24 AM,0.00002931,0.00002926,-0.00000005,-0.170590242,,
Apr/16/2018 6:20:54 AM,ADABTC,Apr/16/2018 6:20:54 AM,Apr/16/2018 6:17:24 AM,0.00002931,0.00002926,-0.00000005,-0.170590242,,
Apr/16/2018 6:21:17 AM,ADABTC,Apr/16/2018 6:20:54 AM,Apr/16/2018 6:21:17 AM,0.00002931,0.00002930,-0.00000001,-0.034118048,,
Apr/16/2018 6:21:18 AM,ADABTC,Apr/16/2018 6:20:54 AM,Apr/16/2018 6:21:18 AM,0.00002931,0.00002930,-0.00000001,-0.034118048,,
Apr/16/2018 6:21:19 AM,ADABTC,Apr/16/2018 6:20:54 AM,Apr/16/2018 6:21:19 AM,0.00002931,0.00002930,-0.00000001,-0.034118048,,
Apr/16/2018 6:21:25 AM,ADABTC,Apr/16/2018 6:20:54 AM,Apr/16/2018 6:21:25 AM,0.00002931,0.00002930,-0.00000001,-0.034118048,,
Apr/16/2018 6:21:31 AM,ADABTC,Apr/16/2018 6:21:31 AM,Apr/16/2018 6:21:25 AM,0.00002931,0.00002930,-0.00000001,-0.034118048,,
Apr/16/2018 6:21:51 AM,ADABTC,Apr/16/2018 6:21:51 AM,Apr/16/2018 6:21:25 AM,0.00002931,0.00002930,-0.00000001,-0.034118048,,
Apr/16/2018 6:21:51 AM,ADABTC,Apr/16/2018 6:21:51 AM,Apr/16/2018 6:21:25 AM,0.00002931,0.00002930,-0.00000001,-0.034118048,,
Apr/16/2018 6:22:08 AM,ADABTC,Apr/16/2018 6:22:08 AM,Apr/16/2018 6:21:25 AM,0.00002932,0.00002930,-0.00000002,-0.034118048,,
Apr/16/2018 6:22:09 AM,ADABTC,Apr/16/2018 6:22:09 AM,Apr/16/2018 6:21:25 AM,0.00002933,0.00002930,-0.00000003,-0.034118048,,
Apr/16/2018 6:22:11 AM,ADABTC,Apr/16/2018 6:22:11 AM,Apr/16/2018 6:21:25 AM,0.00002932,0.00002930,-0.00000002,-0.034118048,,
Apr/16/2018 6:22:11 AM,ADABTC,Apr/16/2018 6:22:11 AM,Apr/16/2018 6:21:25 AM,0.00002932,0.00002930,-0.00000002,-0.034118048,,
Apr/16/2018 6:22:15 AM,ADABTC,Apr/16/2018 6:22:15 AM,Apr/16/2018 6:21:25 AM,0.00002932,0.00002930,-0.00000002,-0.034118048,,
